{"cameraMode":{"drawMode":0,"name":"Shaded","section":"Shading Mode"},"sceneLighting":false,"audioPlay":false,"sceneViewState":{"m_AlwaysRefresh":false,"showFog":true,"showSkybox":false,"showFlares":true,"showImageEffects":true,"showParticleSystems":true,"showVisualEffectGraphs":true,"m_FxEnabled":true},"in2DMode":false,"pivot":{"x":0.05969518423080444,"y":0.9677802920341492,"z":-0.3158665895462036},"rotation":{"x":0.08873335272073746,"y":0.15730290114879609,"z":-0.014372015371918679,"w":0.9835530519485474},"size":1.6569693088531495,"orthographic":false}